USE shatteredtimeline;

-- =====================================================
-- ENEMY_KILLS TABLE (Depends on users, enemy_types, run_history, rooms)
-- =====================================================
INSERT INTO enemy_kills (user_id, enemy_id, run_id, room_id) VALUES
-- User 1 kills
(1, 1, 1, 1), (1, 2, 1, 2), (1, 5, 1, 5), (1, 8, 1, 6),
-- User 2 kills
(2, 1, 2, 1), (2, 2, 2, 2), (2, 11, 2, 8),
-- User 3 kills
(3, 1, 3, 1), (3, 2, 3, 2), (3, 3, 3, 3), (3, 11, 3, 8), (3, 12, 3, 9),
(3, 21, 3, 15), (3, 22, 3, 16), (3, 23, 3, 17),
-- User 5 kills
(5, 1, 5, 1), (5, 2, 5, 2), (5, 5, 5, 5), (5, 11, 5, 8), (5, 12, 5, 9),
(5, 21, 5, 15), (5, 22, 5, 16), (5, 31, 5, 22), (5, 32, 5, 23),
-- User 8 kills
(8, 1, 8, 1), (8, 2, 8, 2), (8, 3, 8, 3), (8, 5, 8, 5), (8, 8, 8, 6),
(8, 11, 8, 8), (8, 12, 8, 9), (8, 14, 8, 11),
-- User 10 kills
(10, 1, 10, 1), (10, 2, 10, 2), (10, 3, 10, 3), (10, 5, 10, 5), (10, 8, 10, 6),
(10, 11, 10, 8), (10, 12, 10, 9), (10, 14, 10, 11), (10, 21, 10, 15), (10, 22, 10, 16),
-- User 12 kills
(12, 1, 12, 1), (12, 2, 12, 2), (12, 5, 12, 5), (12, 8, 12, 6), (12, 11, 12, 8),
(12, 12, 12, 9), (12, 14, 12, 11),
-- User 14 kills
(14, 1, 14, 1), (14, 2, 14, 2), (14, 3, 14, 3), (14, 5, 14, 5), (14, 8, 14, 6),
(14, 11, 14, 8), (14, 12, 14, 9), (14, 14, 14, 11), (14, 16, 14, 13), (14, 21, 14, 15),
-- User 16 kills
(16, 1, 16, 1), (16, 2, 16, 2), (16, 3, 16, 3), (16, 5, 16, 5), (16, 8, 16, 6),
(16, 11, 16, 8), (16, 12, 16, 9), (16, 14, 16, 11), (16, 16, 16, 13), (16, 21, 16, 15),
(16, 22, 16, 16), (16, 23, 16, 17), (16, 31, 16, 22), (16, 32, 16, 23),
-- User 18 kills
(18, 1, 18, 1), (18, 2, 18, 2), (18, 5, 18, 5), (18, 8, 18, 6),
-- User 20 kills
(20, 1, 20, 1), (20, 2, 20, 2), (20, 3, 20, 3), (20, 5, 20, 5), (20, 8, 20, 6),
(20, 11, 20, 8), (20, 12, 20, 9), (20, 14, 20, 11), (20, 16, 20, 13), (20, 21, 20, 15),
-- User 22 kills
(22, 1, 22, 1), (22, 2, 22, 2), (22, 3, 22, 3), (22, 5, 22, 5), (22, 8, 22, 6),
(22, 11, 22, 8), (22, 12, 22, 9), (22, 14, 22, 11), (22, 16, 22, 13), (22, 21, 22, 15),
(22, 22, 22, 16),
-- User 24 kills
(24, 1, 24, 1), (24, 2, 24, 2), (24, 3, 24, 3), (24, 5, 24, 5), (24, 8, 24, 6),
(24, 11, 24, 8), (24, 12, 24, 9), (24, 14, 24, 11), (24, 16, 24, 13), (24, 21, 24, 15),
(24, 22, 24, 16), (24, 23, 24, 17), (24, 31, 24, 22), (24, 32, 24, 23), (24, 33, 24, 24),
-- User 26 kills
(26, 1, 26, 1), (26, 2, 26, 2), (26, 3, 26, 3), (26, 5, 26, 5), (26, 8, 26, 6),
(26, 11, 26, 8), (26, 12, 26, 9), (26, 14, 26, 11),
-- User 28 kills
(28, 1, 28, 1), (28, 2, 28, 2), (28, 3, 28, 3), (28, 5, 28, 5), (28, 8, 28, 6),
(28, 11, 28, 8), (28, 12, 28, 9), (28, 14, 28, 11), (28, 16, 28, 13), (28, 21, 28, 15),
(28, 22, 28, 16), (28, 23, 28, 17),
-- User 30 kills
(30, 1, 30, 1), (30, 2, 30, 2), (30, 3, 30, 3), (30, 5, 30, 5), (30, 8, 30, 6),
(30, 11, 30, 8), (30, 12, 30, 9), (30, 14, 30, 11), (30, 16, 30, 13), (30, 21, 30, 15),
(30, 22, 30, 16), (30, 23, 30, 17), (30, 31, 30, 22), (30, 32, 30, 23), (30, 33, 30, 24),
-- More kills for additional runs
(32, 1, 32, 1), (32, 2, 32, 2), (32, 5, 32, 5), (32, 8, 32, 6), (32, 11, 32, 8),
(34, 1, 34, 1), (34, 2, 34, 2), (34, 3, 34, 3), (34, 5, 34, 5), (34, 8, 34, 6),
(34, 11, 34, 8), (34, 12, 34, 9), (34, 14, 34, 11), (34, 16, 34, 13), (34, 21, 34, 15),
(36, 1, 36, 1), (36, 2, 36, 2), (36, 3, 36, 3), (36, 5, 36, 5), (36, 8, 36, 6),
(36, 11, 36, 8), (36, 12, 36, 9), (36, 14, 36, 11), (36, 16, 36, 13), (36, 21, 36, 15),
(36, 22, 36, 16), (36, 23, 36, 17), (36, 31, 36, 22),
(38, 1, 38, 1), (38, 2, 38, 2), (38, 3, 38, 3), (38, 5, 38, 5), (38, 8, 38, 6),
(38, 11, 38, 8), (38, 12, 38, 9), (38, 14, 38, 11), (38, 16, 38, 13), (38, 21, 38, 15),
(38, 22, 38, 16), (38, 23, 38, 17), (38, 31, 38, 22), (38, 32, 38, 23), (38, 33, 38, 24),
(38, 41, 38, 29), (38, 42, 38, 30);

-- =====================================================
-- BOSS_ENCOUNTERS TABLE (Depends on users, run_history, bosses)
-- =====================================================
INSERT INTO boss_encounters (user_id, run_id, boss_id, damage_dealt, damage_taken, result) VALUES
(1, 1, 1, 500, 150, 'win'),
(3, 3, 1, 480, 120, 'win'),
(3, 14, 2, 600, 180, 'win'),
(5, 5, 1, 500, 100, 'win'),
(5, 16, 2, 750, 200, 'win'),
(8, 8, 2, 650, 160, 'win'),
(10, 10, 1, 500, 80, 'win'),
(10, 20, 2, 750, 140, 'win'),
(12, 12, 2, 720, 170, 'win'),
(14, 14, 1, 500, 90, 'win'),
(14, 22, 2, 750, 150, 'win'),
(16, 16, 1, 500, 110, 'win'),
(16, 24, 2, 750, 130, 'win'),
(18, 18, 1, 500, 70, 'win'),
(20, 20, 1, 500, 85, 'win'),
(20, 28, 2, 750, 145, 'win'),
(22, 22, 1, 500, 95, 'win'),
(22, 34, 2, 750, 155, 'win'),
(24, 24, 1, 500, 75, 'win'),
(24, 38, 2, 750, 125, 'win'),
(26, 26, 2, 720, 175, 'win'),
(28, 28, 1, 500, 88, 'win'),
(28, 44, 2, 750, 148, 'win'),
(30, 30, 1, 500, 65, 'win'),
(30, 40, 2, 750, 120, 'win'),
(32, 32, 2, 730, 165, 'win'),
(34, 34, 1, 500, 92, 'win'),
(34, 48, 2, 750, 152, 'win'),
(36, 36, 1, 500, 78, 'win'),
(36, 50, 2, 750, 135, 'win'),
(38, 38, 1, 500, 68, 'win'),
(40, 40, 1, 500, 72, 'win'),
(42, 42, 2, 740, 168, 'win'),
(44, 44, 1, 500, 82, 'win'),
(46, 46, 2, 750, 158, 'win'),
(48, 48, 1, 500, 76, 'win'),
(50, 50, 1, 500, 60, 'win'),
-- Some failed encounters
(2, 2, 2, 350, 300, 'loss'),
(4, 4, 3, 450, 350, 'loss'),
(6, 6, 4, 600, 400, 'loss'),
(7, 7, 1, 200, 250, 'loss'),
(9, 9, 3, 500, 380, 'loss'),
(11, 11, 1, 180, 200, 'loss'),
(13, 13, 2, 320, 290, 'loss'),
(15, 15, 4, 580, 420, 'loss'),
(17, 17, 5, 720, 450, 'loss'),
(19, 19, 1, 160, 180, 'loss'),
(21, 21, 2, 340, 310, 'loss'),
(23, 23, 3, 480, 360, 'loss'),
(25, 25, 4, 620, 410, 'loss'),
(27, 27, 5, 750, 480, 'loss'),
(29, 29, 5, 680, 450, 'loss');

-- =====================================================
-- BOSS_KILLS TABLE (Depends on users, bosses, run_history, rooms)
-- =====================================================
INSERT INTO boss_kills (user_id, boss_id, run_id, room_id) VALUES
(1, 1, 1, 7),
(3, 1, 3, 7), (3, 2, 14, 14),
(5, 1, 5, 7), (5, 2, 16, 14),
(8, 2, 8, 14),
(10, 1, 10, 7), (10, 2, 20, 14),
(12, 2, 12, 14),
(14, 1, 14, 7), (14, 2, 22, 14),
(16, 1, 16, 7), (16, 2, 24, 14),
(18, 1, 18, 7),
(20, 1, 20, 7), (20, 2, 28, 14),
(22, 1, 22, 7), (22, 2, 34, 14),
(24, 1, 24, 7), (24, 2, 38, 14),
(26, 2, 26, 14),
(28, 1, 28, 7), (28, 2, 44, 14),
(30, 1, 30, 7), (30, 2, 40, 14),
(32, 2, 32, 14),
(34, 1, 34, 7), (34, 2, 48, 14),
(36, 1, 36, 7), (36, 2, 50, 14),
(38, 1, 38, 7),
(40, 1, 40, 7),
(42, 2, 42, 14),
(44, 1, 44, 7),
(46, 2, 46, 14),
(48, 1, 48, 7),
(50, 1, 50, 7);

-- =====================================================
-- SAVE_STATES TABLE (Depends on users, sessions, run_history, rooms)
-- =====================================================
INSERT INTO save_states (user_id, session_id, run_id, room_id, current_hp, current_stamina, gold) VALUES
(1, 1, 1, 3, 85, 90, 150),
(2, 2, 2, 8, 70, 75, 120),
(3, 3, 3, 15, 95, 100, 280),
(4, 4, 4, 18, 60, 70, 80),
(5, 5, 5, 22, 100, 110, 350),
(6, 6, 6, 25, 50, 60, 90),
(7, 7, 7, 1, 30, 40, 50),
(8, 8, 8, 10, 80, 85, 200),
(9, 9, 9, 16, 65, 70, 140),
(10, 10, 10, 19, 90, 95, 320),
(11, 11, 11, 2, 40, 45, 70),
(12, 12, 12, 12, 85, 90, 240),
(13, 13, 13, 8, 75, 80, 160),
(14, 14, 14, 20, 90, 95, 300),
(15, 15, 15, 24, 70, 75, 180),
(16, 16, 16, 26, 95, 100, 380),
(17, 17, 17, 30, 55, 60, 100),
(18, 18, 18, 5, 80, 85, 220),
(19, 19, 19, 3, 45, 50, 85),
(20, 20, 20, 17, 85, 90, 260),
(21, 21, 21, 16, 65, 70, 130),
(22, 22, 22, 19, 90, 95, 310),
(23, 23, 23, 18, 60, 65, 110),
(24, 24, 24, 25, 95, 100, 400),
(25, 25, 25, 25, 70, 75, 150),
(26, 26, 26, 12, 80, 85, 220),
(27, 27, 27, 30, 55, 60, 95),
(28, 28, 28, 19, 85, 90, 280),
(29, 29, 29, 32, 50, 55, 85),
(30, 30, 30, 26, 95, 100, 420),
(31, 31, 31, 7, 60, 65, 120),
(32, 32, 32, 12, 80, 85, 240),
(33, 33, 33, 14, 70, 75, 140),
(34, 34, 34, 19, 90, 95, 330),
(35, 35, 35, 21, 75, 80, 170),
(36, 36, 36, 25, 85, 90, 300),
(37, 37, 37, 28, 60, 65, 110),
(38, 38, 38, 33, 95, 100, 450),
(39, 39, 39, 33, 65, 70, 130),
(40, 40, 40, 33, 90, 95, 380),
(41, 41, 41, 6, 40, 45, 70),
(42, 42, 42, 12, 80, 85, 230),
(43, 43, 43, 15, 70, 75, 150),
(44, 44, 44, 19, 85, 90, 310),
(45, 45, 45, 19, 65, 70, 140),
(46, 46, 46, 25, 80, 85, 280),
(47, 47, 47, 26, 60, 65, 120),
(48, 48, 48, 33, 90, 95, 420),
(49, 49, 49, 33, 55, 60, 100),
(50, 50, 50, 33, 95, 100, 480);

-- =====================================================
-- SHOP_PURCHASES TABLE (Depends on users, run_history, rooms)
-- =====================================================
INSERT INTO shop_purchases (user_id, run_id, room_id, item_type, item_name, gold_spent) VALUES
(1, 1, 4, 'weapon', 'Iron Sword', 80),
(1, 1, 4, 'armor', 'Leather Vest', 60),
(3, 3, 11, 'weapon', 'Crystal Bow', 120),
(3, 14, 18, 'potion', 'Health Potion', 40),
(5, 5, 4, 'weapon', 'Steel Blade', 100),
(5, 5, 11, 'armor', 'Chain Mail', 150),
(5, 16, 25, 'upgrade', 'Weapon Enhancement', 200),
(8, 8, 11, 'weapon', 'Emerald Staff', 140),
(8, 32, 18, 'potion', 'Mana Potion', 50),
(10, 10, 4, 'weapon', 'Battle Axe', 110),
(10, 10, 11, 'armor', 'Plate Armor', 180),
(10, 20, 25, 'upgrade', 'Speed Boost', 160),
(12, 12, 11, 'weapon', 'Diamond Spear', 200),
(12, 26, 18, 'potion', 'Stamina Elixir', 45),
(14, 14, 4, 'weapon', 'Thunder Hammer', 130),
(14, 22, 25, 'armor', 'Storm Cloak', 170),
(16, 16, 4, 'weapon', 'Fire Sword', 150),
(16, 16, 11, 'upgrade', 'Flame Enchantment', 120),
(16, 24, 32, 'potion', 'Phoenix Feather', 80),
(18, 18, 4, 'weapon', 'Void Blade', 180),
(20, 20, 4, 'weapon', 'Lightning Rod', 140),
(20, 20, 11, 'armor', 'Electric Armor', 190),
(20, 28, 25, 'upgrade', 'Thunder Strike', 200),
(22, 22, 4, 'weapon', 'Ice Spear', 120),
(22, 34, 18, 'potion', 'Frost Potion', 55),
(24, 24, 4, 'weapon', 'Magma Hammer', 160),
(24, 24, 11, 'armor', 'Lava Plate', 220),
(24, 38, 32, 'upgrade', 'Volcanic Power', 250),
(26, 26, 11, 'weapon', 'Prism Bow', 130),
(28, 28, 4, 'weapon', 'Wind Blade', 125),
(28, 44, 25, 'armor', 'Sky Armor', 185),
(30, 30, 4, 'weapon', 'Time Sword', 200),
(30, 30, 11, 'upgrade', 'Temporal Power', 300),
(30, 40, 32, 'potion', 'Eternity Elixir', 100),
(32, 32, 11, 'weapon', 'Shadow Dagger', 110),
(34, 34, 4, 'weapon', 'Crystal Mace', 135),
(34, 48, 25, 'armor', 'Diamond Shield', 210),
(36, 36, 4, 'weapon', 'Chaos Blade', 145),
(36, 50, 18, 'potion', 'Void Potion', 65),
(38, 38, 4, 'weapon', 'Reality Ripper', 250),
(38, 38, 11, 'upgrade', 'Dimensional Boost', 350),
(40, 40, 4, 'weapon', 'Infinity Sword', 300),
(42, 42, 11, 'weapon', 'Quantum Bow', 180),
(44, 44, 4, 'weapon', 'Cosmic Hammer', 220),
(44, 44, 25, 'armor', 'Stellar Plate', 280),
(46, 46, 11, 'weapon', 'Nebula Staff', 190),
(48, 48, 4, 'weapon', 'Galaxy Blade', 240),
(48, 48, 32, 'upgrade', 'Universal Power', 400),
(50, 50, 4, 'weapon', 'Omniversal Sword', 500),
(50, 50, 11, 'armor', 'Infinity Armor', 600);

-- =====================================================
-- CHEST_EVENTS TABLE (Depends on users, run_history, rooms)
-- =====================================================
INSERT INTO chest_events (user_id, run_id, room_id, gold_received) VALUES
(1, 1, 3, 75), (3, 3, 10, 85), (3, 14, 17, 120),
(5, 5, 3, 80), (5, 16, 24, 150), (8, 8, 10, 90),
(8, 32, 17, 110), (10, 10, 3, 85), (10, 20, 17, 130),
(12, 12, 10, 95), (12, 26, 24, 140), (14, 14, 3, 80),
(14, 22, 17, 125), (16, 16, 3, 90), (16, 24, 31, 160),
(18, 18, 3, 75), (20, 20, 3, 85), (20, 28, 17, 135),
(22, 22, 3, 80), (22, 34, 10, 100), (24, 24, 3, 90),
(24, 38, 31, 170), (26, 26, 10, 85), (28, 28, 3, 80),
(28, 44, 17, 140), (30, 30, 3, 95), (30, 40, 31, 180),
(32, 32, 10, 90), (34, 34, 3, 85), (34, 48, 17, 145),
(36, 36, 3, 90), (36, 50, 10, 105), (38, 38, 3, 100),
(38, 38, 31, 200), (40, 40, 3, 95), (42, 42, 10, 95),
(44, 44, 3, 90), (44, 44, 24, 155), (46, 46, 10, 100),
(48, 48, 3, 95), (48, 48, 31, 190), (50, 50, 3, 100),
(50, 50, 31, 220);

-- =====================================================
-- PLAYER_EVENTS TABLE (Depends on run_history, users, rooms)
-- =====================================================
INSERT INTO player_events (run_id, user_id, room_id, event_type, value, weapon_type, context) VALUES
-- User 1 events
(1, 1, 1, 'room_entered', 1, NULL, 'floor_1'),
(1, 1, 1, 'attack', 25, 'melee', 'skeleton_warrior'),
(1, 1, 1, 'dash', 1, NULL, 'dodge_attack'),
(1, 1, 2, 'room_entered', 1, NULL, 'floor_1'),
(1, 1, 2, 'attack', 20, 'range', 'goblin_scout'),
(1, 1, 3, 'collected_gold', 75, NULL, 'treasure_chest'),
-- User 3 events
(3, 3, 1, 'room_entered', 1, NULL, 'floor_1'),
(3, 3, 1, 'attack', 30, 'melee', 'skeleton_warrior'),
(3, 3, 2, 'room_entered', 1, NULL, 'floor_1'),
(3, 3, 3, 'collected_gold', 85, NULL, 'treasure_chest'),
(3, 3, 8, 'room_entered', 1, NULL, 'floor_2'),
(3, 3, 8, 'attack', 35, 'range', 'crystal_hound'),
-- User 5 events
(5, 5, 1, 'room_entered', 1, NULL, 'floor_1'),
(5, 5, 1, 'attack', 40, 'melee', 'skeleton_warrior'),
(5, 5, 2, 'dash', 2, NULL, 'combat_mobility'),
(5, 5, 3, 'collected_gold', 80, NULL, 'treasure_chest'),
(5, 5, 8, 'room_entered', 1, NULL, 'floor_2'),
(5, 5, 15, 'room_entered', 1, NULL, 'floor_3'),
(5, 5, 22, 'room_entered', 1, NULL, 'floor_4'),
-- User 10 events
(10, 10, 1, 'room_entered', 1, NULL, 'floor_1'),
(10, 10, 1, 'attack', 45, 'melee', 'skeleton_warrior'),
(10, 10, 2, 'attack', 35, 'range', 'goblin_scout'),
(10, 10, 3, 'collected_gold', 85, NULL, 'treasure_chest'),
(10, 10, 8, 'room_entered', 1, NULL, 'floor_2'),
(10, 10, 15, 'room_entered', 1, NULL, 'floor_3'),
-- User 20 events
(20, 20, 1, 'room_entered', 1, NULL, 'floor_1'),
(20, 20, 1, 'attack', 50, 'melee', 'skeleton_warrior'),
(20, 20, 2, 'dash', 3, NULL, 'evasive_maneuver'),
(20, 20, 3, 'collected_gold', 85, NULL, 'treasure_chest'),
(20, 20, 8, 'room_entered', 1, NULL, 'floor_2'),
(20, 20, 15, 'room_entered', 1, NULL, 'floor_3'),
-- User 30 events
(30, 30, 1, 'room_entered', 1, NULL, 'floor_1'),
(30, 30, 1, 'attack', 55, 'melee', 'skeleton_warrior'),
(30, 30, 2, 'attack', 45, 'range', 'goblin_scout'),
(30, 30, 3, 'collected_gold', 95, NULL, 'treasure_chest'),
(30, 30, 8, 'room_entered', 1, NULL, 'floor_2'),
(30, 30, 15, 'room_entered', 1, NULL, 'floor_3'),
(30, 30, 22, 'room_entered', 1, NULL, 'floor_4'),
(30, 30, 29, 'room_entered', 1, NULL, 'floor_5'),
-- More events for variety
(38, 38, 1, 'room_entered', 1, NULL, 'floor_1'),
(38, 38, 1, 'attack', 60, 'melee', 'skeleton_warrior'),
(38, 38, 3, 'collected_gold', 100, NULL, 'treasure_chest'),
(38, 38, 29, 'room_entered', 1, NULL, 'floor_5'),
(38, 38, 33, 'attack', 80, 'range', 'void_stalker'),
(50, 50, 1, 'room_entered', 1, NULL, 'floor_1'),
(50, 50, 1, 'attack', 65, 'melee', 'skeleton_warrior'),
(50, 50, 3, 'collected_gold', 100, NULL, 'treasure_chest'),
(50, 50, 29, 'room_entered', 1, NULL, 'floor_5'),
(50, 50, 33, 'attack', 85, 'range', 'time_phantom');

-- Summary comment
-- This completes the database population with realistic game data
-- All foreign key relationships are properly maintained
-- Data represents a functional roguelike game database 