USE shatteredtimeline;

-- =====================================================
-- PLAYER_STATS TABLE (Depends on users)
-- =====================================================
INSERT INTO player_stats (user_id, total_runs, runs_completed, total_kills, best_single_run_kills, highest_damage_hit, total_gold_earned, total_gold_spent, total_playtime_seconds) VALUES
(1, 5, 3, 125, 42, 85, 2250, 1800, 14400),
(2, 8, 4, 180, 38, 75, 3200, 2400, 19200),
(3, 12, 8, 280, 45, 92, 4800, 3900, 28800),
(4, 6, 2, 98, 35, 68, 1800, 1200, 12000),
(5, 15, 10, 420, 52, 105, 6000, 4800, 36000),
(6, 3, 1, 45, 18, 45, 900, 600, 7200),
(7, 20, 12, 520, 48, 88, 7200, 5760, 48000),
(8, 7, 5, 165, 40, 78, 2800, 2200, 16800),
(9, 10, 6, 245, 41, 82, 3600, 2880, 24000),
(10, 14, 9, 380, 50, 95, 5200, 4160, 33600),
(11, 4, 2, 75, 25, 55, 1200, 900, 9600),
(12, 18, 11, 485, 46, 89, 6800, 5440, 43200),
(13, 9, 5, 205, 39, 76, 3000, 2400, 21600),
(14, 11, 7, 295, 44, 87, 4200, 3360, 26400),
(15, 16, 10, 430, 51, 98, 5800, 4640, 38400),
(16, 2, 1, 32, 15, 38, 600, 400, 4800),
(17, 13, 8, 315, 42, 83, 4600, 3680, 31200),
(18, 21, 13, 560, 55, 110, 7800, 6240, 50400),
(19, 5, 3, 118, 36, 72, 2100, 1680, 12000),
(20, 17, 11, 465, 49, 94, 6200, 4960, 40800),
(21, 8, 4, 172, 38, 74, 2800, 2240, 19200),
(22, 12, 7, 298, 43, 85, 4400, 3520, 28800),
(23, 6, 3, 142, 37, 69, 2400, 1920, 14400),
(24, 19, 12, 512, 47, 91, 7000, 5600, 45600),
(25, 7, 4, 158, 39, 77, 2600, 2080, 16800),
(26, 14, 9, 365, 48, 92, 5000, 4000, 33600),
(27, 10, 6, 238, 40, 79, 3400, 2720, 24000),
(28, 15, 10, 412, 50, 96, 5600, 4480, 36000),
(29, 4, 2, 89, 28, 58, 1400, 1120, 9600),
(30, 22, 14, 580, 56, 112, 8200, 6560, 52800),
(31, 9, 5, 218, 41, 81, 3200, 2560, 21600),
(32, 11, 7, 285, 44, 86, 4000, 3200, 26400),
(33, 6, 3, 135, 35, 67, 2200, 1760, 14400),
(34, 16, 10, 445, 52, 99, 5800, 4640, 38400),
(35, 8, 4, 185, 38, 75, 2900, 2320, 19200),
(36, 13, 8, 332, 43, 84, 4700, 3760, 31200),
(37, 5, 2, 102, 32, 62, 1800, 1440, 12000),
(38, 18, 11, 495, 49, 93, 6600, 5280, 43200),
(39, 7, 4, 168, 37, 73, 2700, 2160, 16800),
(40, 20, 13, 535, 54, 108, 7400, 5920, 48000),
(41, 3, 1, 58, 22, 48, 1000, 800, 7200),
(42, 12, 8, 305, 42, 82, 4300, 3440, 28800),
(43, 9, 5, 225, 40, 78, 3100, 2480, 21600),
(44, 17, 11, 472, 48, 90, 6300, 5040, 40800),
(45, 6, 3, 145, 36, 70, 2300, 1840, 14400),
(46, 14, 9, 375, 47, 89, 5100, 4080, 33600),
(47, 8, 4, 192, 39, 76, 2800, 2240, 19200),
(48, 15, 10, 425, 51, 97, 5700, 4560, 36000),
(49, 4, 2, 95, 30, 60, 1500, 1200, 9600),
(50, 25, 16, 625, 58, 115, 9000, 7200, 60000);

-- =====================================================
-- PLAYER_UPGRADES TABLE (Depends on users)
-- =====================================================
INSERT INTO player_upgrades (user_id, upgrade_type, level) VALUES
-- User 1 upgrades
(1, 'health', 3), (1, 'stamina', 2), (1, 'melee', 4), (1, 'range', 2), (1, 'velocity', 3),
-- User 2 upgrades
(2, 'health', 2), (2, 'stamina', 3), (2, 'melee', 2), (2, 'range', 4), (2, 'velocity', 2),
-- User 3 upgrades
(3, 'health', 5), (3, 'stamina', 4), (3, 'melee', 6), (3, 'range', 3), (3, 'velocity', 4),
-- User 4 upgrades
(4, 'health', 1), (4, 'stamina', 2), (4, 'melee', 1), (4, 'range', 2), (4, 'velocity', 1),
-- User 5 upgrades
(5, 'health', 7), (5, 'stamina', 6), (5, 'melee', 8), (5, 'range', 5), (5, 'velocity', 6),
-- User 6 upgrades
(6, 'health', 1), (6, 'stamina', 1), (6, 'melee', 1), (6, 'range', 1), (6, 'velocity', 1),
-- User 7 upgrades
(7, 'health', 8), (7, 'stamina', 7), (7, 'melee', 9), (7, 'range', 6), (7, 'velocity', 7),
-- User 8 upgrades
(8, 'health', 3), (8, 'stamina', 4), (8, 'melee', 3), (8, 'range', 4), (8, 'velocity', 3),
-- User 9 upgrades
(9, 'health', 4), (9, 'stamina', 3), (9, 'melee', 5), (9, 'range', 3), (9, 'velocity', 4),
-- User 10 upgrades
(10, 'health', 6), (10, 'stamina', 5), (10, 'melee', 7), (10, 'range', 4), (10, 'velocity', 5),
-- Continue for remaining users with varied upgrade levels
(11, 'health', 2), (11, 'stamina', 1), (11, 'melee', 2), (11, 'range', 1), (11, 'velocity', 2),
(12, 'health', 7), (12, 'stamina', 6), (12, 'melee', 8), (12, 'range', 5), (12, 'velocity', 6),
(13, 'health', 4), (13, 'stamina', 3), (13, 'melee', 4), (13, 'range', 3), (13, 'velocity', 3),
(14, 'health', 5), (14, 'stamina', 4), (14, 'melee', 6), (14, 'range', 4), (14, 'velocity', 4),
(15, 'health', 6), (15, 'stamina', 5), (15, 'melee', 7), (15, 'range', 5), (15, 'velocity', 5),
(16, 'health', 1), (16, 'stamina', 1), (16, 'melee', 1), (16, 'range', 1), (16, 'velocity', 1),
(17, 'health', 5), (17, 'stamina', 4), (17, 'melee', 6), (17, 'range', 4), (17, 'velocity', 5),
(18, 'health', 9), (18, 'stamina', 8), (18, 'melee', 10), (18, 'range', 7), (18, 'velocity', 8),
(19, 'health', 3), (19, 'stamina', 2), (19, 'melee', 3), (19, 'range', 2), (19, 'velocity', 2),
(20, 'health', 7), (20, 'stamina', 6), (20, 'melee', 8), (20, 'range', 5), (20, 'velocity', 6),
(21, 'health', 3), (21, 'stamina', 3), (21, 'melee', 4), (21, 'range', 3), (21, 'velocity', 3),
(22, 'health', 5), (22, 'stamina', 4), (22, 'melee', 6), (22, 'range', 4), (22, 'velocity', 4),
(23, 'health', 2), (23, 'stamina', 2), (23, 'melee', 3), (23, 'range', 2), (23, 'velocity', 2),
(24, 'health', 8), (24, 'stamina', 7), (24, 'melee', 9), (24, 'range', 6), (24, 'velocity', 7),
(25, 'health', 3), (25, 'stamina', 3), (25, 'melee', 4), (25, 'range', 3), (25, 'velocity', 3),
(26, 'health', 6), (26, 'stamina', 5), (26, 'melee', 7), (26, 'range', 4), (26, 'velocity', 5),
(27, 'health', 4), (27, 'stamina', 3), (27, 'melee', 5), (27, 'range', 3), (27, 'velocity', 4),
(28, 'health', 6), (28, 'stamina', 5), (28, 'melee', 7), (28, 'range', 5), (28, 'velocity', 5),
(29, 'health', 2), (29, 'stamina', 2), (29, 'melee', 2), (29, 'range', 1), (29, 'velocity', 2),
(30, 'health', 10), (30, 'stamina', 9), (30, 'melee', 12), (30, 'range', 8), (30, 'velocity', 9);

-- Add more users to reach 40-50 entries per upgrade type
INSERT INTO player_upgrades (user_id, upgrade_type, level) VALUES
(31, 'health', 4), (31, 'stamina', 3), (31, 'melee', 4), (31, 'range', 3), (31, 'velocity', 3),
(32, 'health', 5), (32, 'stamina', 4), (32, 'melee', 6), (32, 'range', 4), (32, 'velocity', 4),
(33, 'health', 2), (33, 'stamina', 2), (33, 'melee', 3), (33, 'range', 2), (33, 'velocity', 2),
(34, 'health', 7), (34, 'stamina', 6), (34, 'melee', 8), (34, 'range', 5), (34, 'velocity', 6),
(35, 'health', 3), (35, 'stamina', 3), (35, 'melee', 4), (35, 'range', 3), (35, 'velocity', 3),
(36, 'health', 6), (36, 'stamina', 5), (36, 'melee', 7), (36, 'range', 4), (36, 'velocity', 5),
(37, 'health', 2), (37, 'stamina', 2), (37, 'melee', 2), (37, 'range', 2), (37, 'velocity', 2),
(38, 'health', 8), (38, 'stamina', 7), (38, 'melee', 9), (38, 'range', 6), (38, 'velocity', 7),
(39, 'health', 3), (39, 'stamina', 3), (39, 'melee', 4), (39, 'range', 3), (39, 'velocity', 3),
(40, 'health', 9), (40, 'stamina', 8), (40, 'melee', 10), (40, 'range', 7), (40, 'velocity', 8),
(41, 'health', 1), (41, 'stamina', 1), (41, 'melee', 1), (41, 'range', 1), (41, 'velocity', 1),
(42, 'health', 5), (42, 'stamina', 4), (42, 'melee', 6), (42, 'range', 4), (42, 'velocity', 4),
(43, 'health', 4), (43, 'stamina', 3), (43, 'melee', 5), (43, 'range', 3), (43, 'velocity', 4),
(44, 'health', 7), (44, 'stamina', 6), (44, 'melee', 8), (44, 'range', 5), (44, 'velocity', 6),
(45, 'health', 2), (45, 'stamina', 2), (45, 'melee', 3), (45, 'range', 2), (45, 'velocity', 2),
(46, 'health', 6), (46, 'stamina', 5), (46, 'melee', 7), (46, 'range', 4), (46, 'velocity', 5),
(47, 'health', 3), (47, 'stamina', 3), (47, 'melee', 4), (47, 'range', 3), (47, 'velocity', 3),
(48, 'health', 7), (48, 'stamina', 6), (48, 'melee', 8), (48, 'range', 5), (48, 'velocity', 6),
(49, 'health', 2), (49, 'stamina', 2), (49, 'melee', 2), (49, 'range', 1), (49, 'velocity', 2),
(50, 'health', 11), (50, 'stamina', 10), (50, 'melee', 13), (50, 'range', 9), (50, 'velocity', 10);

-- =====================================================
-- PERMANENT_UPGRADE_PURCHASES TABLE (Depends on users and run_history)
-- =====================================================
INSERT INTO permanent_upgrade_purchases (user_id, run_id, upgrade_type, level_before, level_after, gold_spent) VALUES
(1, 1, 'health', 0, 1, 100), (1, 1, 'melee', 0, 1, 120),
(1, 8, 'health', 1, 2, 200), (1, 8, 'velocity', 0, 1, 150),
(2, 12, 'range', 0, 1, 140), (2, 12, 'stamina', 0, 1, 130),
(3, 3, 'health', 0, 1, 100), (3, 14, 'melee', 1, 2, 240),
(5, 5, 'health', 2, 3, 300), (5, 16, 'velocity', 1, 2, 300),
(7, 18, 'melee', 3, 4, 480), (7, 18, 'health', 4, 5, 500),
(8, 8, 'stamina', 1, 2, 260), (8, 32, 'range', 2, 3, 420),
(10, 10, 'health', 3, 4, 400), (10, 20, 'melee', 4, 5, 600),
(12, 12, 'velocity', 2, 3, 450), (12, 26, 'stamina', 3, 4, 520),
(14, 14, 'health', 2, 3, 300), (14, 22, 'range', 2, 3, 420),
(16, 16, 'melee', 4, 5, 600), (16, 24, 'health', 5, 6, 600),
(18, 18, 'velocity', 5, 6, 900), (18, 36, 'stamina', 6, 7, 1050),
(20, 20, 'health', 6, 7, 700), (20, 28, 'melee', 6, 7, 840),
(22, 22, 'range', 3, 4, 560), (22, 34, 'velocity', 3, 4, 600),
(24, 24, 'health', 7, 8, 800), (24, 38, 'stamina', 6, 7, 1050),
(26, 26, 'melee', 5, 6, 720), (26, 42, 'health', 5, 6, 600),
(28, 28, 'velocity', 4, 5, 750), (28, 44, 'range', 4, 5, 700),
(30, 30, 'health', 8, 9, 900), (30, 40, 'melee', 9, 10, 1200),
(32, 32, 'stamina', 3, 4, 520), (32, 46, 'velocity', 3, 4, 600),
(34, 34, 'health', 6, 7, 700), (34, 48, 'range', 4, 5, 700),
(36, 36, 'melee', 6, 7, 840), (36, 50, 'health', 6, 7, 700),
(38, 38, 'velocity', 6, 7, 1050), (38, 38, 'stamina', 7, 8, 1200),
(40, 40, 'health', 8, 9, 900), (42, 42, 'melee', 5, 6, 720),
(44, 44, 'range', 5, 6, 840), (46, 46, 'velocity', 4, 5, 750),
(48, 48, 'health', 7, 8, 800), (50, 50, 'stamina', 9, 10, 1500);

-- =====================================================
-- EQUIPPED_WEAPONS TABLE (Depends on run_history and users)
-- =====================================================
INSERT INTO equipped_weapons (run_id, user_id, weapon_slot) VALUES
(1, 1, 'melee'), (1, 1, 'range'),
(2, 2, 'melee'), (2, 2, 'range'),
(3, 3, 'melee'), (3, 3, 'range'),
(4, 4, 'melee'), (5, 5, 'melee'), (5, 5, 'range'),
(6, 6, 'range'), (7, 7, 'melee'),
(8, 8, 'melee'), (8, 8, 'range'),
(9, 9, 'range'), (10, 10, 'melee'), (10, 10, 'range'),
(11, 11, 'melee'), (12, 12, 'melee'), (12, 12, 'range'),
(13, 13, 'range'), (14, 14, 'melee'), (14, 14, 'range'),
(15, 15, 'melee'), (16, 16, 'melee'), (16, 16, 'range'),
(17, 17, 'range'), (18, 18, 'melee'), (18, 18, 'range'),
(19, 19, 'melee'), (20, 20, 'melee'), (20, 20, 'range'),
(21, 21, 'range'), (22, 22, 'melee'), (22, 22, 'range'),
(23, 23, 'melee'), (24, 24, 'melee'), (24, 24, 'range'),
(25, 25, 'range'), (26, 26, 'melee'), (26, 26, 'range'),
(27, 27, 'melee'), (28, 28, 'melee'), (28, 28, 'range'),
(29, 29, 'range'), (30, 30, 'melee'), (30, 30, 'range'),
(31, 31, 'melee'), (32, 32, 'melee'), (32, 32, 'range'),
(33, 33, 'range'), (34, 34, 'melee'), (34, 34, 'range'),
(35, 35, 'melee'), (36, 36, 'melee'), (36, 36, 'range'),
(37, 37, 'range'), (38, 38, 'melee'), (38, 38, 'range'),
(39, 39, 'melee'), (40, 40, 'melee'), (40, 40, 'range'),
(41, 41, 'range'), (42, 42, 'melee'), (42, 42, 'range'),
(43, 43, 'melee'), (44, 44, 'melee'), (44, 44, 'range'),
(45, 45, 'range'), (46, 46, 'melee'), (46, 46, 'range'),
(47, 47, 'melee'), (48, 48, 'melee'), (48, 48, 'range'),
(49, 49, 'range'), (50, 50, 'melee'), (50, 50, 'range');

-- =====================================================
-- WEAPON_UPGRADES_TEMP TABLE (Depends on run_history and users)
-- =====================================================
INSERT INTO weapon_upgrades_temp (run_id, user_id, weapon_slot, level, damage_per_upgrade, gold_cost_per_upgrade) VALUES
(1, 1, 'melee', 2, 5, 50), (1, 1, 'range', 1, 4, 60),
(3, 3, 'melee', 3, 5, 50), (3, 3, 'range', 2, 4, 60),
(5, 5, 'melee', 4, 5, 50), (5, 5, 'range', 3, 4, 60),
(8, 8, 'melee', 3, 5, 50), (8, 8, 'range', 2, 4, 60),
(10, 10, 'melee', 5, 5, 50), (10, 10, 'range', 4, 4, 60),
(12, 12, 'melee', 4, 5, 50), (12, 12, 'range', 3, 4, 60),
(14, 14, 'melee', 5, 5, 50), (14, 14, 'range', 4, 4, 60),
(16, 16, 'melee', 6, 5, 50), (16, 16, 'range', 5, 4, 60),
(18, 18, 'melee', 6, 5, 50), (18, 18, 'range', 5, 4, 60),
(20, 20, 'melee', 7, 5, 50), (20, 20, 'range', 6, 4, 60),
(22, 22, 'melee', 6, 5, 50), (22, 22, 'range', 5, 4, 60),
(24, 24, 'melee', 8, 5, 50), (24, 24, 'range', 7, 4, 60),
(26, 26, 'melee', 5, 5, 50), (26, 26, 'range', 4, 4, 60),
(28, 28, 'melee', 7, 5, 50), (28, 28, 'range', 6, 4, 60),
(30, 30, 'melee', 8, 5, 50), (30, 30, 'range', 7, 4, 60),
(32, 32, 'melee', 6, 5, 50), (32, 32, 'range', 5, 4, 60),
(34, 34, 'melee', 7, 5, 50), (34, 34, 'range', 6, 4, 60),
(36, 36, 'melee', 7, 5, 50), (36, 36, 'range', 6, 4, 60),
(38, 38, 'melee', 9, 5, 50), (38, 38, 'range', 8, 4, 60),
(40, 40, 'melee', 8, 5, 50), (40, 40, 'range', 7, 4, 60),
(42, 42, 'melee', 6, 5, 50), (42, 42, 'range', 5, 4, 60),
(44, 44, 'melee', 8, 5, 50), (44, 44, 'range', 7, 4, 60),
(46, 46, 'melee', 7, 5, 50), (46, 46, 'range', 6, 4, 60),
(48, 48, 'melee', 9, 5, 50), (48, 48, 'range', 8, 4, 60),
(50, 50, 'melee', 10, 5, 50), (50, 50, 'range', 9, 4, 60);

-- =====================================================
-- PLAYER_SETTINGS TABLE (Depends on users)
-- =====================================================
INSERT INTO player_settings (user_id, music_volume, sfx_volume) VALUES
(1, 75, 85), (2, 60, 70), (3, 90, 95), (4, 50, 60), (5, 80, 90),
(6, 40, 50), (7, 85, 95), (8, 70, 80), (9, 65, 75), (10, 95, 100),
(11, 55, 65), (12, 88, 92), (13, 72, 82), (14, 78, 88), (15, 82, 92),
(16, 45, 55), (17, 77, 87), (18, 92, 98), (19, 68, 78), (20, 85, 95),
(21, 62, 72), (22, 80, 90), (23, 58, 68), (24, 90, 100), (25, 66, 76),
(26, 83, 93), (27, 74, 84), (28, 87, 97), (29, 52, 62), (30, 95, 100),
(31, 71, 81), (32, 79, 89), (33, 56, 66), (34, 86, 96), (35, 69, 79),
(36, 81, 91), (37, 54, 64), (38, 89, 99), (39, 67, 77), (40, 91, 98),
(41, 48, 58), (42, 76, 86), (43, 73, 83), (44, 84, 94), (45, 59, 69),
(46, 82, 92), (47, 70, 80), (48, 88, 98), (49, 53, 63), (50, 98, 100); 